0," 1997; 2002; 1981; 1973; 1979; 1975; 1959; 1988; 1977; 1969; 1964; 1958; 1986; 1972; 1991; 1984; 1996; 1992; 1966; 1961; 1983; 1982; 1980; 1976; 1990; 1985; 1987; 1974; 1963; 1965; 1995; 1989; 1998; 1967; 1994; 1993; 1971; 195
Example Text: 1997; 1981; 1973; 1979; 1975; 1959; 1988; 1977; 1969; 1964; 1958; 1986; 1972; 1991; 1984; 1996; 1992; 1966; 1961; 1983; 1982; 1980; 1976; 1990; 1985; 1987; 1974; 1963; 1965; 1995; 1989; 1998; 1967; 1994; 1993; 1971; 195
Relations Output: 1997; 1981; 1973; 1979; 1975; 1959; 1988; 1977; 1969; 196",19.33682155609131
1," Calgary | located in the administrative territorial entity | Alberta
Calgary | country | Alberta
Alberta | country | Canada
Alberta | located in or next to body of water | Rocky Mountains
Alberta | located in or next to body of water | Rocky Mountains
Alberta | located in or next to body of water | Rocky Mountains
Alberta | located in or next to body of water | Rocky Mountains
Alberta | located in or next to body of water | Rocky Mountains
Alberta | located in or next to body of water | Rocky Mountains
Alberta | located in or next to body of water | Rocky Mountains
Alberta | located in or next to body of water | Rocky Mountains
Alberta | located in or next to body of water | Rocky Mountains
Alberta | located in or next to body of water | Rocky Mountains
Alberta | located in or next to body of water | Rocky Mountains
Alberta | located in or next to body of water | Rocky Mountains
Alberta | located in or next to body of water | Rocky Mountains
Alberta | located in or next to body of water | Rocky Mountains
Alberta | located in or next to body of water | Rocky Mountains
Alberta | located in or next to body of water | Rocky Mountains
Alberta | located in or next to body of water | Rocky Mountains
Alberta | located in or next to body of water | Rocky Mountains
Alberta | located in or next to body of water | Rocky Mountains
Alberta | located in or next to body of water | Rocky Mountains
Alberta | located in or next to body of water | Rocky Mountains
Alberta | located in or next to body of water | Rocky Mountains
Alberta | located in or next to body of water | Rocky Mountains
Alberta | located in or next to body of water | Rocky Mountains
Alberta | located in or next to body of water | Rocky Mountains
Alberta | located in or next to body of water | Rocky Mountains
Alberta | located in or next to body of water | Rocky Mountains
Alberta | located in or next to body of water | Rocky Mountains
Alberta | located in or next to body of water | Rocky Mountains
Alberta | located in or next to body of water | Rocky Mountains
Alberta | located in or next to body of water | Rocky Mountains
Alberta | located in or next to body of water | Rocky Mountains
Alberta | located in or next to body of water | Rocky Mountains
Alberta | located in or next to body of water | Rocky Mountains
Alberta | located in or next to body of water | Rocky Mountains",18.10516119003296
2," Jeff Healey | country | Canada
Jeff Healey | country | Canada
Jeff Healey | country | Canada
Jeff Healey | country | Canada
Jeff Healey | country | Canada
Jeff Healey | country | Canada
Jeff Healey | country | Canada
Jeff Healey | country | Canada
Jeff Healey | country | Canada
Jeff Healey | country | Canada
Jeff Healey | country | Canada
Jeff Healey | country | Canada
Jeff Healey | country | Canada
Jeff Healey | country | Canada
Jeff Healey | country | Canada
Jeff Healey | country | Canada
Jeff Healey | country | Canada
Jeff Healey | country | Canada
Jeff Healey | country | Canada
Jeff Healey | country | Canada
Jeff Healey | country | Canada
Jeff Healey | country | Canada
Jeff Healey | country | Canada
Jeff Healey | country | Canada
Jeff Healey | country | Canada
Jeff Healey | country | Canada
Jeff Healey | country | Canada
Jeff Healey | country | Canada
Jeff Healey | country | Canada
Jeff Healey | country | Canada
Jeff Healey | country | Canada
Jeff Healey | country | Canada
Jeff Healey | country | Canada
Jeff Healey | country | Canada
Jeff Healey | country | Canada
Jeff Healey | country | Canada
Jeff Healey | country | Canada
Jeff Healey | country | Canada
Jeff Healey | country | Canada
Jeff Healey | country | Canada
Jeff Healey | country | Canada
Jeff Healey | country | Canada
Jeff Healey | country | Canada
Jeff Healey | country | Canada
Jeff Healey | country | Canada
Jeff Healey | country | Canada
Jeff Healey | country | Canada
Jeff Healey | country | Canada
Jeff Healey | country | Canada
Jeff Healey | country | Canada
Jeff Healey | country | Canada
Jeff Healey | country | Canada
Jeff Healey | country | Canada
Jeff Healey | country | Canada
Jeff Healey | country | Canada
Jeff Healey | country | Canada
Jeff Healey | country | Canada
Jeff Healey | country | Canada
Jeff Healey | country | Canada
Jeff Healey | country | Canada
Jeff Healey | country | Canada
Jeff Healey | country | Canada
Jeff Healey | country | Canada
Jeff Healey | country | Canada
Jeff Healey | country | Canada
Jeff Healey | country | Canada
Jeff Healey | country | Canada
Jeff Healey | country | Canada
Jeff Healey | country | Canada
Jeff Healey | country | Canada
Jeff Healey | country | Canada
Jeff Healey | country | Canada
Jeff Healey | country | Canada
Jeff",17.897427082061768
3," 5 February 1971 | date of death | 5 February 1971
Ramey Idriss | country of citizenship | United States
Ramey Idriss | country of citizenship | United States
Ramey Idriss | country of citizenship | United States
Ramey Idriss | country of citizenship | United States
Ramey Idriss | country of citizenship | United States
Ramey Idriss | country of citizenship | United States
Ramey Idriss | country of citizenship | United States
Ramey Idriss | country of citizenship | United States
Ramey Idriss | country of citizenship | United States
Ramey Idriss | country of citizenship | United States
Ramey Idriss | country of citizenship | United States
Ramey Idriss | country of citizenship | United States
Ramey Idriss | country of citizenship | United States
Ramey Idriss | country of citizenship | United States
Ramey Idriss | country of citizenship | United States
Ramey Idriss | country of citizenship | United States
Ramey Idriss | country of citizenship | United States
Ramey Idriss | country of citizenship | United States
Ramey Idriss | country of citizenship | United States
Ramey Idriss | country of citizenship | United States
Ramey Idriss | country of citizenship | United States
Ramey Idriss | country of citizenship | United States
Ramey Idriss | country of citizenship | United States
Ramey Idriss | country of citizenship | United States
Ramey Idriss | country of citizenship | United States
Ramey Idriss | country of citizenship | United States
Ramey Idriss | country of citizenship | United States
Ramey Idriss | country of citizenship | United States
Ramey Idriss | country of citizenship | United States
Ramey Idriss | country of citizenship | United States
Ramey Idriss | country of citizenship | United States
Ramey Idriss | country of citizenship | United States
Ramey Idriss | country of citizenship | United States
Ramey Idriss | country of citizenship | United States
Ramey Idriss | country of citizenship | United States
Ramey Idriss | country of citizenship | United States
Ramey Idriss | country of citizenship | United States
Ramey Idriss | country of citizenship",17.845648288726807
4," Cuba | country | Latin America
Cuba | country | Caribbean
Cuba | country | Latin America
Cuba | country | Latin American
Cuba | country | Latin American School of Medicine
Cuba | country | Latin American School of Medical Sciences
Cuba | country | Latin American School of Medical Sciences
Cuba | country | Latin American School of Medical Sciences
Cuba | country | Latin American School of Medical Sciences
Cuba | country | Latin American School of Medical Sciences
Cuba | country | Latin American School of Medical Sciences
Cuba | country | Latin American School of Medical Sciences
Cuba | country | Latin American School of Medical Sciences
Cuba | country | Latin American School of Medical Sciences
Cuba | country | Latin American School of Medical Sciences
Cuba | country | Latin American School of Medical Sciences
Cuba | country | Latin American School of Medical Sciences
Cuba | country | Latin American School of Medical Sciences
Cuba | country | Latin American School of Medical Sciences
Cuba | country | Latin American School of Medical Sciences
Cuba | country | Latin American School of Medical Sciences
Cuba | country | Latin American School of Medical Sciences
Cuba | country | Latin American School of Medical Sciences
Cuba | country | Latin American School of Medical Sciences
Cuba | country | Latin American School of Medical Sciences
Cuba | country | Latin American School of Medical Sciences
Cuba | country | Latin American School of Medical Sciences
Cuba | country | Latin American School of Medical Sciences
Cuba | country | Latin American School of Medical Sciences
Cuba | country | Latin American School of Medical Sciences
Cuba | country | Latin American School of Medical Sciences
Cuba | country | Latin American School of Medical Sciences
Cuba | country | Latin American School of Medical Sciences
Cuba | country | Latin American School of Medical Sciences
Cuba | country | Latin American School of Medical Sciences
Cuba | country | Latin American School of Medical Sciences
Cuba | country | Latin American School of Medical Sciences
Cuba | country | Latin American School of Medical Sciences
Cuba | country | Latin American School of Medical Sciences
Cuba | country | Latin American School of Medical Sciences
Cuba | country | Latin American School of Medical Sciences
Cuba | country | Latin American School of Medical Sciences
Cuba | country | Latin American School of Medical Sciences
Cuba | country | Latin American School of Medical Sciences
Cuba | country | Latin American School of Medical Sciences
Cuba | country | Latin American School of Medical Sciences
Cuba | country | Latin American School of Medical Sciences
Cuba | country | Latin American School of Medical Sciences
Cuba |",18.118197679519653
5," Paul Robeson | country | United States
Paul Robeson | country | United States
Paul Robeson | country | United States
Paul Robeson | country | United States
Paul Robeson | country | United States
Paul Robeson | country | United States
Paul Robeson | country | United States
Paul Robeson | country | United States
Paul Robeson | country | United States
Paul Robeson | country | United States
Paul Robeson | country | United States
Paul Robeson | country | United States
Paul Robeson | country | United States
Paul Robeson | country | United States
Paul Robeson | country | United States
Paul Robeson | country | United States
Paul Robeson | country | United States
Paul Robeson | country | United States
Paul Robeson | country | United States
Paul Robeson | country | United States
Paul Robeson | country | United States
Paul Robeson | country | United States
Paul Robeson | country | United States
Paul Robeson | country | United States
Paul Robeson | country | United States
Paul Robeson | country | United States
Paul Robeson | country | United States
Paul Robeson | country | United States
Paul Robeson | country | United States
Paul Robeson | country | United States
Paul Robeson | country | United States
Paul Robeson | country | United States
Paul Robeson | country | United States
Paul Robeson | country | United States
Paul Robeson | country | United States
Paul Robeson | country | United States
Paul Robeson | country | United States
Paul Robeson | country | United States
Paul Robeson | country | United States
Paul Robeson | country | United States
Paul Robeson | country | United States
Paul Robeson | country | United States
Paul Robeson | country | United States
Paul Robeson | country | United States
Paul Robeson | country | United States
Paul Robeson | country | United States
Paul Robeson | country | United States
Paul Robeson | country | United States
Paul Robeson | country | United States
Paul Robeson | country | United States
Paul Robeson | country | United States
Paul Robeson | country | United States
Paul Robeson | country | United States
Paul Robeson | country | United States
Paul Robeson | country | United States
Paul Robeson | country | United States
Paul Robeson | country | United States",17.854557514190674
6," United States | country | United States
United States | country | United States
United States | country | American
United States | country | American
United States | country | American
United States | country | American
United States | country | American
United States | country | American
United States | country | American
United States | country | American
United States | country | American
United States | country | American
United States | country | American
United States | country | American
United States | country | American
United States | country | American
United States | country | American
United States | country | American
United States | country | American
United States | country | American
United States | country | American
United States | country | American
United States | country | American
United States | country | American
United States | country | American
United States | country | American
United States | country | American
United States | country | American
United States | country | American
United States | country | American
United States | country | American
United States | country | American
United States | country | American
United States | country | American
United States | country | American
United States | country | American
United States | country | American
United States | country | American
United States | country | American
United States | country | American
United States | country | American
United States | country | American
United States | country | American
United States | country | American
United States | country | American
United States | country | American
United States | country | American
United States | country | American
United States | country | American
United States | country | American
United States | country | American
United States | country | American
United States | country | American
United States | country | American
United States | country | American
United States | country | American
United States | country | American
United States | country | American
United States | country | American
United States | country | American
United States | country | American
United States | country | American
United States | country | American
United States | country | American
United States | country | American
United States | country | American
United States | country | American
United States | country | American
United States | country | American
United States | country | American
United States | country | American
United States | country | American
United States | country | American",17.956807613372803
7," Roketsan | located in the administrative territorial entity | Turkey
Roketsan | located in the administrative territorial entity | Turkey
Roketsan | located in the administrative territorial entity | Turkish
Roketsan | located in the administrative territorial entity | Turkish Armed Forces Foundation
Roketsan | located in the administrative territorial entity | Turkish Armed Forces Foundation
Roketsan | located in the administrative territorial entity | Turkish Armed Forces Foundation
Roketsan | located in the administrative territorial entity | Turkish Armed Forces Foundation
Roketsan | located in the administrative territorial entity | Turkish Armed Forces Foundation
Roketsan | located in the administrative territorial entity | Turkish Armed Forces Foundation
Roketsan | located in the administrative territorial entity | Turkish Armed Forces Foundation
Roketsan | located in the administrative territorial entity | Turkish Armed Forces Foundation
Roketsan | located in the administrative territorial entity | Turkish Armed Forces Foundation
Roketsan | located in the administrative territorial entity | Turkish Armed Forces Foundation
Roketsan | located in the administrative territorial entity | Turkish Armed Forces Foundation
Roketsan | located in the administrative territorial entity | Turkish Armed Forces Foundation
Roketsan | located in the administrative territorial entity | Turkish Armed Forces Foundation
Roketsan | located in the administrative territorial entity | Turkish Armed Forces Foundation
Roketsan | located in the administrative territorial entity | Turkish Armed Forces Foundation
Roketsan | located in the administrative territorial entity | Turkish Armed Forces Foundation
Roketsan | located in the administrative territorial entity | Turkish Armed Forces Foundation
Roketsan | located in the administrative territorial entity | Turkish Armed Forces Foundation
Roketsan | located in the administrative territorial entity | Turkish Armed Forces Foundation
Roketsan | located in the administrative territorial entity | Turkish Armed Forces Foundation
Roketsan | located in the administrative territorial entity | Turkish Armed Forces Foundation
Roketsan | located in the administrative territorial entity | Turkish Armed Forces Foundation
Roketsan | located in the administrative territorial entity | Turkish Armed Forces Foundation
Roketsan | located in the administrative territorial entity | Turkish Armed Forces Foundation
Roketsan | located in the administrative territorial entity | Turkish Armed Forces Foundation
Roketsan | located in the administrative territorial entity | Turkish Armed Forces Foundation
Roketsan | located in the administrative territorial entity | Turkish Armed Forces Foundation
Roketsan | located in the administrative territorial entity | Turkish Armed Forces Foundation
Roketsan | located in the administrative territorial entity | Turkish Armed Forces Foundation
Roketsan | located in the administrative territorial",17.85310387611389
8," Sacramento | country | United States
Sacramento | country | United States
United States | country | United States
United States | country | United States
United States | country | United States
United States | country | United States
United States | country | United States
United States | country | United States
United States | country | United States
United States | country | United States
United States | country | United States
United States | country | United States
United States | country | United States
United States | country | United States
United States | country | United States
United States | country | United States
United States | country | United States
United States | country | United States
United States | country | United States
United States | country | United States
United States | country | United States
United States | country | United States
United States | country | United States
United States | country | United States
United States | country | United States
United States | country | United States
United States | country | United States
United States | country | United States
United States | country | United States
United States | country | United States
United States | country | United States
United States | country | United States
United States | country | United States
United States | country | United States
United States | country | United States
United States | country | United States
United States | country | United States
United States | country | United States
United States | country | United States
United States | country | United States
United States | country | United States
United States | country | United States
United States | country | United States
United States | country | United States
United States | country | United States
United States | country | United States
United States | country | United States
United States | country | United States
United States | country | United States
United States | country | United States
United States | country | United States
United States | country | United States
United States | country | United States
United States | country | United States
United States | country | United States
United States | country | United States
United States | country | United States
United States | country | United States
United States | country | United States
United States | country | United States
United States | country | United States
United States | country | United States
United States | country | United States
United States | country | United States
United States",18.177823305130005
9," Cambodia | country | Vietnam
Vietnam | country | Cambodia
Vietnam | country | Vietnamese
Vietnam | country | Khmer Rouge
Vietnam | country | 1930s
Vietnam | country | 1970s
Vietnam | country | Socialist realist
Vietnam | country | 1970s
Vietnam | country | 1970s
Vietnam | country | 1970s
Vietnam | country | 1970s
Vietnam | country | 1970s
Vietnam | country | 1970s
Vietnam | country | 1970s
Vietnam | country | 1970s
Vietnam | country | 1970s
Vietnam | country | 1970s
Vietnam | country | 1970s
Vietnam | country | 1970s
Vietnam | country | 1970s
Vietnam | country | 1970s
Vietnam | country | 1970s
Vietnam | country | 1970s
Vietnam | country | 1970s
Vietnam | country | 1970s
Vietnam | country | 1970s
Vietnam | country | 1970s
Vietnam | country | 1970s
Vietnam | country | 1970s
Vietnam | country | 1970s
Vietnam | country | 1970s
Vietnam | country | 1970s
Vietnam | country | 1970s
Vietnam | country | 1970s
Vietnam | country | 1970s
Vietnam | country | 1970s
Vietnam | country | 1970s
Vietnam | country | 1970s
Vietnam | country | 1970s
Vietnam | country | 1970s
Vietnam | country | 1970s
Vietnam | country | 1970s
Vietnam | country | 1970s
Vietnam | country | 1970s
Vietnam | country | 1970s
Vietnam | country | 1970s
Vietnam | country | 1970s
Vietnam | country | 1970s
Vietnam | country | 19",17.79757070541382
10," Power Corporation of Canada | located in the administrative territorial entity | Canada
Power Corporation of Canada | country | Canada
Power Corporation of Canada | located in the administrative territorial entity | Canada
Power Corporation of Canada | located in the administrative territorial entity | Canada
Power Corporation of Canada | located in the administrative territorial entity | Canada
Power Corporation of Canada | located in the administrative territorial entity | Canada
Power Corporation of Canada | located in the administrative territorial entity | Canada
Power Corporation of Canada | located in the administrative territorial entity | Canada
Power Corporation of Canada | located in the administrative territorial entity | Canada
Power Corporation of Canada | located in the administrative territorial entity | Canada
Power Corporation of Canada | located in the administrative territorial entity | Canada
Power Corporation of Canada | located in the administrative territorial entity | Canada
Power Corporation of Canada | located in the administrative territorial entity | Canada
Power Corporation of Canada | located in the administrative territorial entity | Canada
Power Corporation of Canada | located in the administrative territorial entity | Canada
Power Corporation of Canada | located in the administrative territorial entity | Canada
Power Corporation of Canada | located in the administrative territorial entity | Canada
Power Corporation of Canada | located in the administrative territorial entity | Canada
Power Corporation of Canada | located in the administrative territorial entity | Canada
Power Corporation of Canada | located in the administrative territorial entity | Canada
Power Corporation of Canada | located in the administrative territorial entity | Canada
Power Corporation of Canada | located in the administrative territorial entity | Canada
Power Corporation of Canada | located in the administrative territorial entity | Canada
Power Corporation of Canada | located in the administrative territorial entity | Canada
Power Corporation of Canada | located in the administrative territorial entity | Canada
Power Corporation of Canada | located in the administrative territorial entity | Canada
Power Corporation of Canada | located in the administrative territorial entity | Canada
Power Corporation of Canada | located in the administrative territorial entity | Canada
Power Corporation of Canada | located in the administrative territorial entity | Canada
Power Corporation of Canada | located in the administrative territorial entity | Canada
Power Corporation of Canada | located in the administrative territorial entity | Canada
Power Corporation of Canada | located in the administrative territorial entity | Canada
Power Corporation of Canada | located in the administrative territorial entity | Canada
Power Corporation of Canada | located in the administrative territorial entity | Canada
Power Corporation of Canada | located in the administrative territorial entity | Canada
Power Corporation of Canada | located in the administrative territorial entity | Canada
Power Corporation of Canada | located in the administrative territorial entity | Canada",17.809216737747192
11," Mola di Bari | country | Italy
Mola di Bari | country | Italian
Mola di Bari | country | Apulia
Mola di Bari | country | Southern Italy
Mola di Bari | country | Bari
Mola di Bari | country | Barese
Mola di Bari | country | focaccia food
Mola di Bari | country | focaccia pans
Mola di Bari | country | 13thcentury
Mola di Bari | country | focaccia food
Mola di Bari | country | focaccia food
Mola di Bari | country | focaccia food
Mola di Bari | country | focaccia food
Mola di Bari | country | focaccia food
Mola di Bari | country | focaccia food
Mola di Bari | country | focaccia food
Mola di Bari | country | focaccia food
Mola di Bari | country | focaccia food
Mola di Bari | country | focaccia food
Mola di Bari | country | focaccia food
Mola di Bari | country | focaccia food
Mola di Bari | country | focaccia food
Mola di Bari | country | focaccia food
Mola di Bari | country | focaccia food
Mola di Bari | country | focaccia food
Mola di Bari | country | focaccia food
Mola di Bari | country | focaccia food
Mola di Bari | country | focaccia food
Mola di Bari | country | focaccia food
Mola di Bari | country | focaccia food
Mola di Bari | country | focaccia food
Mola di Bari | country | focaccia food
Mola di Bari | country | focaccia food
Mola di Bari | country | focaccia food
Mola di Bari | country | focaccia food
Mola di Bari | country | focaccia food
Mola di Bari | country | focaccia food
Mola di Bari | country | focaccia food
Mola di Bari | country | focaccia food
Mola di Bari | country | focaccia food
Mola di Bari | country | focaccia food
Mola di Bari | country | focaccia food
Mola di Bari | country | focaccia food
Mola di Bari | country | focaccia food
Mola di Bari | country | focaccia food
Mola di Bari | country | focaccia food
Mola di Bari | country | focaccia food
Mola",18.13209843635559
12," Albany | country | New York
Albany | country | New York
Albany | country | New York
Albany | country | United States
Albany | country | United States
Albany | country | United States
Albany | country | United States
Albany | country | United States
Albany | country | United States
Albany | country | United States
Albany | country | United States
Albany | country | United States
Albany | country | United States
Albany | country | United States
Albany | country | United States
Albany | country | United States
Albany | country | United States
Albany | country | United States
Albany | country | United States
Albany | country | United States
Albany | country | United States
Albany | country | United States
Albany | country | United States
Albany | country | United States
Albany | country | United States
Albany | country | United States
Albany | country | United States
Albany | country | United States
Albany | country | United States
Albany | country | United States
Albany | country | United States
Albany | country | United States
Albany | country | United States
Albany | country | United States
Albany | country | United States
Albany | country | United States
Albany | country | United States
Albany | country | United States
Albany | country | United States
Albany | country | United States
Albany | country | United States
Albany | country | United States
Albany | country | United States
Albany | country | United States
Albany | country | United States
Albany | country | United States
Albany | country | United States
Albany | country | United States
Albany | country | United States
Albany | country | United States
Albany | country | United States
Albany | country | United States
Albany | country | United States
Albany | country | United States
Albany | country | United States
Albany | country | United States
Albany | country | United States
Albany | country | United States
Albany | country | United States
Albany | country | United States
Albany | country | United States
Albany | country | United States
Albany | country | United States
Albany | country | United States
Albany | country | United States
Albany | country | United States
Albany | country | United States
Albany | country | United States
Albany | country | United States
Albany | country | United States
Albany | country | United States
Albany | country | United States
Albany | country | United States
Albany",17.914558172225952
13," Chicago | country | United States
Chicago | country | United States
Chicago | country | United States
Chicago | country | United States
Chicago | country | United States
Chicago | country | United States
Chicago | country | United States
Chicago | country | United States
Chicago | country | United States
Chicago | country | United States
Chicago | country | United States
Chicago | country | United States
Chicago | country | United States
Chicago | country | United States
Chicago | country | United States
Chicago | country | United States
Chicago | country | United States
Chicago | country | United States
Chicago | country | United States
Chicago | country | United States
Chicago | country | United States
Chicago | country | United States
Chicago | country | United States
Chicago | country | United States
Chicago | country | United States
Chicago | country | United States
Chicago | country | United States
Chicago | country | United States
Chicago | country | United States
Chicago | country | United States
Chicago | country | United States
Chicago | country | United States
Chicago | country | United States
Chicago | country | United States
Chicago | country | United States
Chicago | country | United States
Chicago | country | United States
Chicago | country | United States
Chicago | country | United States
Chicago | country | United States
Chicago | country | United States
Chicago | country | United States
Chicago | country | United States
Chicago | country | United States
Chicago | country | United States
Chicago | country | United States
Chicago | country | United States
Chicago | country | United States
Chicago | country | United States
Chicago | country | United States
Chicago | country | United States
Chicago | country | United States
Chicago | country | United States
Chicago | country | United States
Chicago | country | United States
Chicago | country | United States
Chicago | country | United States
Chicago | country | United States
Chicago | country | United States
Chicago | country | United States
Chicago | country | United States
Chicago | country | United States
Chicago | country | United States
Chicago | country | United States
Chicago | country | United States
Chicago | country | United States
Chicago | country | United States
Chicago | country | United States
Chicago | country | United States
Chicago | country | United States
Chicago | country | United States
Chicago | country | United States
Chicago | country | United States
Chicago",17.89087677001953
14, Catalonia; Catalonia; Catalonia; Catalonia; Catalonia; Catalonia; Catalonia; Catalonia; Catalonia; Catalonia; Catalonia; Catalonia; Catalonia; Catalonia; Catalonia; Catalonia; Catalonia; Catalonia; Catalonia; Catalonia; Catalonia; Catalonia; Catalonia; Catalonia; Catalonia; Catalonia; Catalonia; Catalonia; Catalonia; Catalonia; Catalonia; Catalonia; Catalonia; Catalonia; Catalonia; Catalonia; Catalonia; Catalonia; Catalonia; Catalonia; Catalonia; Catalonia; Catalonia; Catalonia; Catalonia; Catalonia; Catalonia; Catalonia; Catalonia; Catalonia; Catalonia; Catalonia; Catalonia; Catalonia; Catalonia; Catalonia; Catalonia; Catalonia; Catalonia; Catalonia; Catalonia; Catalonia; Catalonia; Catalonia; Catalonia; Catalonia; Catalonia; Catalonia; Catalonia; Catalonia; Catalonia; Catalonia; Catalonia; Catalonia; Catalonia; Catalonia; Catalonia; Catalonia; Catalonia; Catalonia; Catalonia; Catalonia; Catalonia; Catalonia; Catalonia; Catalonia; Catalonia; Catalonia; Catalonia; Catalonia; Catalonia; Catalonia; Catalonia; Catalonia; Catalonia; Catalonia; Catalonia; Catalonia; Catalonia; Catalonia; Catalonia; Catalonia; Catalonia; Catalonia; Catalonia; Catalonia; Catalonia; Catalonia; Catalonia; Catalonia; Catalonia; Catalonia; Catalonia; Catalonia; Catalonia; Catalonia; Catalonia; Catalonia; Catalonia; Catalonia; Catalonia; Catalonia; Catalonia; Catalonia; Catalonia; Catalonia; Catalonia; Catalonia; Catalonia; Catalonia; Catalonia; Catalonia; Catalonia; Catalonia; Catalonia; Catalonia; Catalonia; Catalonia; Catalonia; Catalonia; Catalonia; Catalonia; Catalonia; Catalonia; Catalonia; Catalonia; Catalonia; Catalonia; Catalonia; Catalonia; Catalonia; Catalonia; Catalonia; Catalonia; Catalonia; Catalonia; Catalonia; Catalonia; Catalonia; Catalonia; Catalonia; Catalonia; Catalonia; Catalonia; Catalonia; Catalonia; Catalonia; Catalonia; Catalonia; Catalonia; Catalonia; Catalonia; Catalonia; Catalonia; Catalonia; Catalonia; Catalonia; Catalonia; Catalonia; Catalonia; Catalonia; Catalonia; Catalonia; Catalonia; Catalonia; Catalonia; Catalonia; Catalonia; Catalonia; Catalonia; Catalonia; Catalonia; Catalonia; Catalonia; Catalonia; Catalonia; Catalonia; Catalonia; Catalonia; Catalonia; Catalonia; Catalonia; Catalonia; Catalonia; Catalonia; Catalonia; Catalonia; Catalonia; Catalonia; Catalonia; Catalonia; Catalonia; Catalonia; Catalonia; Catalonia; Catalonia; Catalonia; Catalonia; Catalonia; Catalonia; Catalonia; Catalonia; Catalonia; Catalonia; Catalonia; Catalonia; Catalonia; Catalonia; Catalonia; Catalonia; Catalonia; Catalonia; Catalonia; Catalonia; Catalonia; Catalonia; Catalonia; Catalonia; Catalonia; Catalonia; Catalonia; Catalonia; Catalonia; Catalonia; Catalonia; Catalonia; Catalonia; Catalonia; Catalonia; Catalonia; Catalonia; Catalonia; Catalonia; Catalonia; Catalonia; Catalonia;,17.831332206726074
15, 1973; 1974; 1981; 1973; 1969; 1974; 1981; 1973; 1969; 1974; 1981; 1973; 1969; 1974; 1981; 1973; 1969; 1974; 1981; 1973; 1969; 1974; 1981; 1973; 1969; 1974; 1981; 1973; 1969; 1974; 1981; 1973; 1969; 1974; 1981; 1973; 1969; 1974; 1981; 1973; 1969; 1974; 1981; 1973; 1969; 1974; 1981; 1973; 1969; 1974; 1981; 1973; 1969; 1974; 1981; 1973; 1969; 1974; 1981; 1973; 1969; 1974; 1981; 1973; 1969; 1974; 1981; 1973; 1969; 1974; 1981; 1973; 1969; 1974; 1981; 1973; 1969; 1974; 1981; 1973; 1969; 1974; 1981; 1973; 1969; 1,18.005533456802368
16," 1911 | country | Norway
1911 | country | Norwegian
1911 | country | Norwegian
1911 | country | Norwegian
1911 | country | Norwegian
1911 | country | Norwegian
1911 | country | Norwegian
1911 | country | Norwegian
1911 | country | Norwegian
1911 | country | Norwegian
1911 | country | Norwegian
1911 | country | Norwegian
1911 | country | Norwegian
1911 | country | Norwegian
1911 | country | Norwegian
1911 | country | Norwegian
1911 | country | Norwegian
1911 | country | Norwegian
1911 | country | Norwegian
1911 | country | Norwegian
1911 | country | Norwegian
1911 | country | Norwegian
1911 | country | Norwegian
1911 | country | Norwegian
1911 | country | Norwegian
1911 | country | Norwegian
1911 | country | Norwegian
1911 | country | Norwegian
1911 | country | Norwegian
1911 | country | Norwegian
1911 | country | Norwegian
1911 | country | Norwegian
1911 | country | Norwegian
1911 | country | Norwegian
1911 | country | Norwegian
1911 | country | Norwegian
1911 | country | Norwegian
1911 | country | Norwegian
1911 | country | Norwegian
1911 | country | Norwegian
1911 | country | Norwegian
1911 | country | Norwegian
1911 | country | Norwegian
1911 | country | Norwegian
1911 | country | Norwegian
1911 | country | Norwegian
1911 | country | Norwegian
1911 | country | Norwegian
1911 | country | Norwegian
1911 | country | Norwegian
1911 | country | Norwegian
1911 | country | Norwegian
1911 | country | Norwegian
1911 | country | Norwegian
1911 | country | Norwegian
1911 | country | Norwegian
1911 | country |",17.858240604400635
17," Baltimore | country | United States
Baltimore | country | United States
Baltimore | country | American
Baltimore | country | American
Baltimore | country | American
Baltimore | country | American
Baltimore | country | American
Baltimore | country | American
Baltimore | country | American
Baltimore | country | American
Baltimore | country | American
Baltimore | country | American
Baltimore | country | American
Baltimore | country | American
Baltimore | country | American
Baltimore | country | American
Baltimore | country | American
Baltimore | country | American
Baltimore | country | American
Baltimore | country | American
Baltimore | country | American
Baltimore | country | American
Baltimore | country | American
Baltimore | country | American
Baltimore | country | American
Baltimore | country | American
Baltimore | country | American
Baltimore | country | American
Baltimore | country | American
Baltimore | country | American
Baltimore | country | American
Baltimore | country | American
Baltimore | country | American
Baltimore | country | American
Baltimore | country | American
Baltimore | country | American
Baltimore | country | American
Baltimore | country | American
Baltimore | country | American
Baltimore | country | American
Baltimore | country | American
Baltimore | country | American
Baltimore | country | American
Baltimore | country | American
Baltimore | country | American
Baltimore | country | American
Baltimore | country | American
Baltimore | country | American
Baltimore | country | American
Baltimore | country | American
Baltimore | country | American
Baltimore | country | American
Baltimore | country | American
Baltimore | country | American
Baltimore | country | American
Baltimore | country | American
Baltimore | country | American
Baltimore | country | American
Baltimore | country | American
Baltimore | country | American
Baltimore | country | American
Baltimore | country | American
Baltimore | country | American
Baltimore | country | American
Baltimore | country | American
Baltimore | country | American
Baltimore | country | American
Baltimore | country | American
Baltimore | country | American
Baltimore | country | American
Baltimore | country | American
Baltimore | country | American
Baltimore | country | American
Baltimore | country | American
Baltimore | country | American
Baltimore | country | American
Baltimore | country | American
Baltimore | country | American
Baltimore | country | American
Baltimore | country | American
Baltimore | country | American
Baltimore | country | American
Baltimore | country | American
Baltimore | country | American
Baltimore | country | American
",17.83194088935852
18," Munich | country | Germany
Munich | country | German
Munich | country | German
Munich | country | German
Munich | country | German
Munich | country | German
Munich | country | German
Munich | country | German
Munich | country | German
Munich | country | German
Munich | country | German
Munich | country | German
Munich | country | German
Munich | country | German
Munich | country | German
Munich | country | German
Munich | country | German
Munich | country | German
Munich | country | German
Munich | country | German
Munich | country | German
Munich | country | German
Munich | country | German
Munich | country | German
Munich | country | German
Munich | country | German
Munich | country | German
Munich | country | German
Munich | country | German
Munich | country | German
Munich | country | German
Munich | country | German
Munich | country | German
Munich | country | German
Munich | country | German
Munich | country | German
Munich | country | German
Munich | country | German
Munich | country | German
Munich | country | German
Munich | country | German
Munich | country | German
Munich | country | German
Munich | country | German
Munich | country | German
Munich | country | German
Munich | country | German
Munich | country | German
Munich | country | German
Munich | country | German
Munich | country | German
Munich | country | German
Munich | country | German
Munich | country | German
Munich | country | German
Munich | country | German
Munich | country | German
Munich | country | German
Munich | country | German
Munich | country | German
Munich | country | German
Munich | country | German
Munich | country | German
Munich | country | German
Munich | country | German
Munich | country | German
Munich | country | German
Munich | country | German
Munich | country | German
Munich | country | German
Munich | country | German
Munich | country | German
Munich | country | German
Munich | country | German
Munich | country | German
Munich | country | German
Munich | country | German
Munich | country | German
Munich | country | German
Munich | country | German
Munich | country | German
Munich | country | German
Munich | country | German
Munich | country | German
Munich | country | German
Munich |",18.100184679031372
19, 2011; 2012; 2013; 2014; 2015; 2016; 2017; 2018; 2019; 2020; 2021; 2022; 2023; 2024; 2025; 2026; 2027; 2028; 2029; 2030; 2031; 2032; 2033; 2034; 2035; 2036; 2037; 2038; 2039; 2040; 2041; 2042; 2043; 2044; 2045; 2046; 2047; 2048; 2049; 2050; 2051; 2052; 2053; 2054; 2055; 2056; 2057; 2058; 2059; 2060; 2061; 2062; 2063; 2064; 2065; 2066; 2067; 2068; 2069; 2070; 2071; 2072; 2073; 2074; 2075; 2076; 2077; 2078; 2079; 2080; 2081; 2082; 2083; 2084; 2085; 2086; 2087; 2088; 2089; 2090; 2091; 2092; 2093; 2094; 2095; 2,18.010787963867188
20," Chile | country | Australia
Chile | country | Australia
Chile | country | Australian
Chile | country | Australian
Chile | country | Australian
Chile | country | Australian
Chile | country | Australian
Chile | country | Australian
Chile | country | Australian
Chile | country | Australian
Chile | country | Australian
Chile | country | Australian
Chile | country | Australian
Chile | country | Australian
Chile | country | Australian
Chile | country | Australian
Chile | country | Australian
Chile | country | Australian
Chile | country | Australian
Chile | country | Australian
Chile | country | Australian
Chile | country | Australian
Chile | country | Australian
Chile | country | Australian
Chile | country | Australian
Chile | country | Australian
Chile | country | Australian
Chile | country | Australian
Chile | country | Australian
Chile | country | Australian
Chile | country | Australian
Chile | country | Australian
Chile | country | Australian
Chile | country | Australian
Chile | country | Australian
Chile | country | Australian
Chile | country | Australian
Chile | country | Australian
Chile | country | Australian
Chile | country | Australian
Chile | country | Australian
Chile | country | Australian
Chile | country | Australian
Chile | country | Australian
Chile | country | Australian
Chile | country | Australian
Chile | country | Australian
Chile | country | Australian
Chile | country | Australian
Chile | country | Australian
Chile | country | Australian
Chile | country | Australian
Chile | country | Australian
Chile | country | Australian
Chile | country | Australian
Chile | country | Australian
Chile | country | Australian
Chile | country | Australian
Chile | country | Australian
Chile | country | Australian
Chile | country | Australian
Chile | country | Australian
Chile | country | Australian
Chile | country | Australian
Chile | country | Australian
Chile | country | Australian
Chile | country | Australian
Chile | country | Australian
Chile | country | Australian
Chile | country | Australian
Chile | country | Australian
Chile | country | Australian
Chile | country | Australian
Chile | country | Australian
Chile | country | Australian
Chile | country | Australian
Chile | country | Australian
Chile | country | Australian
Chile | country | Australian
Chile | country | Australian
Chile | country | Australian
Chile | country | Australian
Chile | country | Australian
Chile | country | Australian
Chile | country | Australian
Chile |",17.904196739196777
21," Debub Gondar | located in the administrative territorial entity | Ethiopia
Debub Gondar | located in the administrative territorial entity | Ethiopia
Debub Gondar | located in the administrative territorial entity | Amhara Region
Debub Gondar | located in the administrative territorial entity | Gojjam Zones
Debub Gondar | located in the administrative territorial entity | Semien Wollo
Debub Gondar | located in the administrative territorial entity | Lake Tana
Debub Gondar | located in the administrative territorial entity | Abbay River
Debub Gondar | located in the administrative territorial entity | Mirab Gojjam
Debub Gondar | located in the administrative territorial entity | Misraq Gojjam
Debub Gondar | located in the administrative territorial entity | Wereta
Debub Gondar | located in the administrative territorial entity | Semien Gondar
Debub Gondar | located in the administrative territorial entity | Bahir Dar
Debub Gondar | located in the administrative territorial entity | Debub Wollo
Debub Gondar | located in the administrative territorial entity | Wag Hemra
Debub Gondar | located in the administrative territorial entity | Debub Wollo
Debub Gondar | located in the administrative territorial entity | Mirab Gojjam
Debub Gondar | located in the administrative territorial entity | Lake Tana
Debub Gondar | located in the administrative territorial entity | Abbay River
Debub Gondar | located in the administrative territorial entity | Misraq Gojjam
Debub Gondar | located in the administrative territorial entity | Wereta
Debub Gondar | located in the administrative territorial entity | Semien Gondar
Debub Gondar | located in the administrative territorial entity | Bahir Dar
Debub Gondar | located in the administrative territorial entity | Debub Wollo
Debub Gondar | located in the administrative territorial entity | Wag Hemra
Debub Gondar | located in the administrative territorial entity | Debub Wollo
Debub Gondar | located in the administrative territorial entity | Mirab Gojjam
Debub Gondar | located in the administrative territorial entity | Lake Tana
Debub Gondar | located in the administrative territorial entity | Abbay River
Debub Gondar | located in the administrative territorial entity | Misraq Gojjam
Debub Gondar | located in the administrative territorial entity | Wereta
Debub Gondar | located in the administrative territorial entity | Semien Gondar
Debub",17.82574987411499
22," Morogoro Region | country | Tanzania
Morogoro Region | country | Tanzania
Morogoro Region | country | Tanzania; 2002; 2012
Morogoro Region | country | Tanzania; 2002; 2012; 2012
Morogoro Region | country | Tanzania; 2002; 2012; 2012; 2012
Morogoro Region | country | Tanzania; 2002; 2012; 2012; 2012; 2012
Morogoro Region | country | Tanzania; 2002; 2012; 2012; 2012; 2012; 2012
Morogoro Region | country | Tanzania; 2002; 2012; 2012; 2012; 2012; 2012; 2012
Morogoro Region | country | Tanzania; 2002; 2012; 2012; 2012; 2012; 2012; 2012; 2012
Morogoro Region | country | Tanzania; 2002; 2012; 2012; 2012; 2012; 2012; 2012; 2012; 2012
Morogoro Region | country | Tanzania; 2002; 2012; 2012; 2012; 2012; 2012; 2012; 2012; 2012; 2012
Morogoro Region | country | Tanzania; 2002; 2012; 2012; 2012; 2012; 2012; 2012; 2012; 2012; 2012
Morogoro Region | country | Tanzania; 2002; 2012",18.07552981376648
23," Giacomo Casanova | ethnic group | Italian
Giacomo Casanova | country of citizenship | Italian
Giacomo Casanova | country of citizenship | Italian
Giacomo Casanova | country of citizenship | Italian
Giacomo Casanova | country of citizenship | Italian
Giacomo Casanova | country of citizenship | Italian
Giacomo Casanova | country of citizenship | Italian
Giacomo Casanova | country of citizenship | Italian
Giacomo Casanova | country of citizenship | Italian
Giacomo Casanova | country of citizenship | Italian
Giacomo Casanova | country of citizenship | Italian
Giacomo Casanova | country of citizenship | Italian
Giacomo Casanova | country of citizenship | Italian
Giacomo Casanova | country of citizenship | Italian
Giacomo Casanova | country of citizenship | Italian
Giacomo Casanova | country of citizenship | Italian
Giacomo Casanova | country of citizenship | Italian
Giacomo Casanova | country of citizenship | Italian
Giacomo Casanova | country of citizenship | Italian
Giacomo Casanova | country of citizenship | Italian
Giacomo Casanova | country of citizenship | Italian
Giacomo Casanova | country of citizenship | Italian
Giacomo Casanova | country of citizenship | Italian
Giacomo Casanova | country of citizenship | Italian
Giacomo Casanova | country of citizenship | Italian
Giacomo Casanova | country of citizenship | Italian
Giacomo Casanova | country of citizenship | Italian
Giacomo Casanova | country of citizenship | Italian
Giacomo Casanova | country of citizenship | Italian
Giacomo Casanova | country of citizenship | Italian
Giacomo Casanova | country of citizenship | Italian
Giacomo Casanova | country of citizenship | Italian
Giacomo Casanova | country of citizenship | Italian
Giacomo Casanova | country of citizenship | Italian
Giacomo Casanova | country of citizenship | Italian
Giacomo Casanova | country of citizenship | Italian
Giacomo Casanova | country of citizenship | Italian
Giacomo Casanova | country of citizenship | Italian
Giacomo Casanova | country of citizenship | Italian
Giacomo Casanova | country of citizenship | Italian
Giacomo Casanova | country of citizenship | Italian
Giacomo Casanova | country of citizenship | Italian
Giacomo Casanova | country of citizenship | Italian
Giacomo Casanova | country of citizenship | Italian
Giacomo Casanova | country of citizenship | Italian
Giacomo Casanova | country of citizenship | Italian
Giacomo Casanova | country of citizenship | Italian
Giacomo Casanova | country of citizenship | Italian
Giacomo Casanova | country of citizenship | Italian
Giacomo Casanova | country of citizenship | Italian
Giacomo Casanova | country of citizenship | Italian
Giacomo Casanova |",17.894012451171875
24," Pittsburgh Catholic | located in the administrative territorial entity | Pittsburgh
Pittsburgh Catholic | located in the administrative territorial entity | Pittsburgh
Pittsburgh Catholic | located in the administrative territorial entity | Pittsburgh Business Times Book of Lists
Pittsburgh Catholic | located in the administrative territorial entity | Pittsburgh Catholic is
Pittsburgh Catholic | located in the administrative territorial entity | Pittsburgh Catholic is a member of the
Pittsburgh Catholic | located in the administrative territorial entity | Pittsburgh Catholic is a member of the Catholic Press Association
Pittsburgh Catholic | located in the administrative territorial entity | Pittsburgh Catholic is a member of the Catholic Press Association
Pittsburgh Catholic | located in the administrative territorial entity | Pittsburgh Catholic is a member of the Catholic Press Association
Pittsburgh Catholic | located in the administrative territorial entity | Pittsburgh Catholic is a member of the Catholic Press Association
Pittsburgh Catholic | located in the administrative territorial entity | Pittsburgh Catholic is a member of the Catholic Press Association
Pittsburgh Catholic | located in the administrative territorial entity | Pittsburgh Catholic is a member of the Catholic Press Association
Pittsburgh Catholic | located in the administrative territorial entity | Pittsburgh Catholic is a member of the Catholic Press Association
Pittsburgh Catholic | located in the administrative territorial entity | Pittsburgh Catholic is a member of the Catholic Press Association
Pittsburgh Catholic | located in the administrative territorial entity | Pittsburgh Catholic is a member of the Catholic Press Association
Pittsburgh Catholic | located in the administrative territorial entity | Pittsburgh Catholic is a member of the Catholic Press Association
Pittsburgh Catholic | located in the administrative territorial entity | Pittsburgh Catholic is a member of the Catholic Press Association
Pittsburgh Catholic | located in the administrative territorial entity | Pittsburgh Catholic is a member of the Catholic Press Association
Pittsburgh Catholic | located in the administrative territorial entity | Pittsburgh Catholic is a member of the Catholic Press Association
Pittsburgh Catholic | located in the administrative territorial entity | Pittsburgh Catholic is a member of the Catholic Press Association
Pittsburgh Catholic | located in the administrative territorial entity | Pittsburgh Catholic is a member of the Catholic Press Association
Pittsburgh Catholic | located in the administrative territorial entity | Pittsburgh Catholic is a member of the Catholic Press Association
Pittsburgh Catholic | located in the administrative territorial entity | Pittsburgh Catholic is a member of the Catholic Press Association
Pittsburgh Catholic | located in the administrative territorial entity | Pittsburgh Catholic is a member of the Catholic Press Association
Pittsburgh Catholic | located in the administrative territorial entity | Pittsburgh Catholic is a member of the Catholic Press Association
Pittsburgh Catholic | located in the administrative territorial entity | Pittsburgh Catholic is a member of the Catholic Press Association
Pittsburgh Catholic | located in the administrative territorial entity | Pittsburgh Catholic is a member of the Catholic Press",17.85242795944214
25," bdnews24.com | publisher; editor-in-chief; co-owner; Toufique Imrose Khalidi; bdnews24; Special Recognition; Khaleda Zia; bdnews2; bdnews24; Digital Bangladesh; 2013; Honour; 2006; Sheikh Hasina; Government; Prime Minister; 2017; Bangladesh; Bangladeshi


Text: The 201718 Bangladesh Premier League (BPL) is the 11th season of the Bangladesh Premier League, a Twenty20 cricket league in Bangladesh. The tournament began on 15 January 2018 and ended on 27 February 2018. The tournament was won by the Comilla Victorians, who defeated the Dhaka Dynamites in the final. The tournament was played in two phases, the first phase was played in January and February 2018, and the second phase was played in March 2018. The first phase was played in Dhaka and Chittagong, and the second phase was played in Chittagong. The tournament was won by the Comilla Victorians, who defeated the Dhaka Dynamites in the final. The tournament was played in two phases, the first phase was played in January and February 2018, and the second phase was played in March 2018. The first phase was played in Dhaka and Chittagong, and the second phase was played in Chittagong. The tournament was won by the Comilla Victorians, who defeated the Dhaka Dynamites in the final. The tournament was played in two phases, the first phase was played in January and February 2018, and the second phase was played in March 2018. The first phase was played in Dhaka and Chittagong, and the second phase was played in Chittagong. The tournament was won by the Comilla Victorians, who defeated the Dhaka Dynamites in the final. The tournament was played in two phases, the first phase was played in January and February 2018, and the second phase was played in March 2018. The first phase was played in Dhaka and Chittagong, and the second phase was played in Chittagong. The tournament was won by the Comilla Victorians, who defeated the Dhaka Dynamites in the final. The tournament was played in two phases, the first phase was played in January and February",17.831724643707275
26," 198687; 200405; 200809; 199798; 20091; Mark McNamara; 1959; 22nd overall; 198990; 200203; 198586; 199091; 198788; 200708; 200607; 198283; 1982; 199899; Philadelphia 76ers; 199394; 199495; 200304; 199192; 198384; 199900; 198889; 200001; 199293; 200506; June 8; 199596; 199697; 200102; 198485
Mark McNamara | country | United States
Mark McNamara | country of citizenship | United States
Mark McNamara | country of citizenship | United States
Mark McNamara | country of citizenship | United States
Mark McNamara | country of citizenship | United States
Mark McNamara | country of citizenship | United States
Mark McNamara | country of citizenship | United States
Mark McNamara | country of citizenship | United States
Mark McNamara | country of citizenship | United States
Mark McNamara | country of citizenship | United States
Mark McNamara | country of citizenship | United States
Mark McNamara | country of citizenship | United States
Mark McNamara | country of citizenship | United States
Mark McNamara | country of citizenship | United States
Mark McNamara | country of citizenship | United States
Mark McNamara | country of citizenship | United States
Mark McNamara | country of citizenship | United States
Mark McNamara | country of citizenship | United States
Mark McNamara | country of citizenship | United States
Mark McNamara | country of citizenship | United States
Mark McNamara | country of citizenship | United States
Mark McNamara | country of citizenship | United States
Mark McNamara | country of citizenship | United States
Mark McNamara | country of citizenship | United States
Mark McNamara | country of citizenship | United States
Mark McNamara | country of citizenship | United States
",18.134523153305054
27," Google Play Movies & TV | country | United States
Google | country | United States
Google | country | United States
Google | country | United States
Google | country | United States
Google | country | United States
Google | country | United States
Google | country | United States
Google | country | United States
Google | country | United States
Google | country | United States
Google | country | United States
Google | country | United States
Google | country | United States
Google | country | United States
Google | country | United States
Google | country | United States
Google | country | United States
Google | country | United States
Google | country | United States
Google | country | United States
Google | country | United States
Google | country | United States
Google | country | United States
Google | country | United States
Google | country | United States
Google | country | United States
Google | country | United States
Google | country | United States
Google | country | United States
Google | country | United States
Google | country | United States
Google | country | United States
Google | country | United States
Google | country | United States
Google | country | United States
Google | country | United States
Google | country | United States
Google | country | United States
Google | country | United States
Google | country | United States
Google | country | United States
Google | country | United States
Google | country | United States
Google | country | United States
Google | country | United States
Google | country | United States
Google | country | United States
Google | country | United States
Google | country | United States
Google | country | United States
Google | country | United States
Google | country | United States
Google | country | United States
Google | country | United States
Google | country | United States
Google | country | United States
Google | country | United States
Google | country | United States
Google | country | United States
Google | country | United States
Google | country | United States
Google | country | United States
Google | country | United States
Google | country | United States
Google | country | United States
Google | country | United States
Google | country | United States
Google | country | United States
Google | country | United States
Google | country | United States
Google | country | United States
Google | country |",17.88059973716736
28," Rocksburg | country | United States
Rocksburg | country | United States
Rocksburg | country | American
Rocksburg | country | Serbo-Italian
Rocksburg | country | Western Pennsylvania
Rocksburg | country | United States
Rocksburg | country | United States
Rocksburg | country | American
Rocksburg | country | Serbo-Italian
Rocksburg | country | Western Pennsylvania
Rocksburg | country | United States
Rocksburg | country | United States
Rocksburg | country | American
Rocksburg | country | Serbo-Italian
Rocksburg | country | Western Pennsylvania
Rocksburg | country | United States
Rocksburg | country | United States
Rocksburg | country | American
Rocksburg | country | Serbo-Italian
Rocksburg | country | Western Pennsylvania
Rocksburg | country | United States
Rocksburg | country | United States
Rocksburg | country | American
Rocksburg | country | Serbo-Italian
Rocksburg | country | Western Pennsylvania
Rocksburg | country | United States
Rocksburg | country | United States
Rocksburg | country | American
Rocksburg | country | Serbo-Italian
Rocksburg | country | Western Pennsylvania
Rocksburg | country | United States
Rocksburg | country | United States
Rocksburg | country | American
Rocksburg | country | Serbo-Italian
Rocksburg | country | Western Pennsylvania
Rocksburg | country | United States
Rocksburg | country | United States
Rocksburg | country | American
Rocksburg | country | Serbo-Italian
Rocksburg | country | Western Pennsylvania
Rocksburg | country | United States
Rocksburg | country | United States
Rocksburg | country | American
Rocksburg | country | Serbo-Italian
Rocksburg | country | Western Pennsylvania
Rocksburg | country | United States
Rocksburg | country | United States
Rocksburg | country | American
Rocksburg | country | Serbo-Italian
Rocksburg | country | Western Pennsylvania
Rocksburg | country | United States
Rocksburg | country | United States
Rocksburg | country | American
Rocksburg | country | Serbo-Italian
Rocksburg | country | Western Pennsylvania
Rocksburg | country | United States
Rocksburg | country | United States
Rocksburg | country | American
Rocksburg | country | Serbo-Italian
Rocksburg | country | Western Pennsylvania
Rocksburg | country | United States
Rocksburg | country | United States
Rocksburg | country",17.831168174743652
29," Zhou Enlai | ethnic group | Chinese
Zhou Enlai | country of citizenship | Chinese
Zhou Enlai | country of citizenship | Chinese
Zhou Enlai | country of citizenship | Chinese
Zhou Enlai | country of citizenship | Chinese
Zhou Enlai | country of citizenship | Chinese
Zhou Enlai | country of citizenship | Chinese
Zhou Enlai | country of citizenship | Chinese
Zhou Enlai | country of citizenship | Chinese
Zhou Enlai | country of citizenship | Chinese
Zhou Enlai | country of citizenship | Chinese
Zhou Enlai | country of citizenship | Chinese
Zhou Enlai | country of citizenship | Chinese
Zhou Enlai | country of citizenship | Chinese
Zhou Enlai | country of citizenship | Chinese
Zhou Enlai | country of citizenship | Chinese
Zhou Enlai | country of citizenship | Chinese
Zhou Enlai | country of citizenship | Chinese
Zhou Enlai | country of citizenship | Chinese
Zhou Enlai | country of citizenship | Chinese
Zhou Enlai | country of citizenship | Chinese
Zhou Enlai | country of citizenship | Chinese
Zhou Enlai | country of citizenship | Chinese
Zhou Enlai | country of citizenship | Chinese
Zhou Enlai | country of citizenship | Chinese
Zhou Enlai | country of citizenship | Chinese
Zhou Enlai | country of citizenship | Chinese
Zhou Enlai | country of citizenship | Chinese
Zhou Enlai | country of citizenship | Chinese
Zhou Enlai | country of citizenship | Chinese
Zhou Enlai | country of citizenship | Chinese
Zhou Enlai | country of citizenship | Chinese
Zhou Enlai | country of citizenship | Chinese
Zhou Enlai | country of citizenship | Chinese
Zhou Enlai | country of citizenship | Chinese
Zhou Enlai | country of citizenship | Chinese
Zhou Enlai | country of citizenship | Chinese
Zhou Enlai | country of citizenship | Chinese
Zhou Enlai | country of citizenship | Chinese
Zhou Enlai | country of citizenship | Chinese
Zhou Enlai | country of citizenship | Chinese
Zhou Enlai | country of citizenship | Chinese
Zhou Enlai | country of citizenship | Chinese
Zhou Enlai | country of citizenship | Chinese
Zhou Enlai | country of citizenship | Chinese
Zhou Enlai | country of citizenship | Chinese
Zhou Enlai | country of citizenship | Chinese
Zhou Enlai | country of citizenship | Chinese
Zhou Enlai | country of citizenship | Chinese
Zhou Enlai | country of citizenship | Chinese
Zhou Enlai | country of citizenship | Chinese
Zhou Enlai",18.07339334487915
30," Yusuf ibn Yaqb ibn Is-q ibn Ibrhm () | country | Muslim
Yusuf ibn Yaqb ibn Is-q ibn Ibrhm () | country | Muslim
Yusuf ibn Yaqb ibn Is-q ibn Ibrhm () | country | Muslim
Yusuf ibn Yaqb ibn Is-q ibn Ibrhm () | country | Muslim
Yusuf ibn Yaqb ibn Is-q ibn Ibrhm () | country | Muslim
Yusuf ibn Yaqb ibn Is-q ibn Ibrhm () | country | Muslim
Yusuf ibn Yaqb ibn Is-q ibn Ibrhm () | country | Muslim
Yusuf ibn Yaqb ibn Is-q ibn Ibrhm () | country | Muslim
Yusuf ibn Yaqb ibn Is-q ibn Ibrhm () | country | Muslim
Yusuf ibn Yaqb ibn Is-q ibn Ibrhm () | country | Muslim
Yusuf ibn Yaqb ibn Is-q ibn Ibrhm () | country | Muslim
Yusuf ibn Yaqb ibn Is-q ibn Ibrhm () | country | Muslim
Yusuf ibn Yaqb ibn Is-q ibn Ibrhm () | country | Muslim
Yusuf ibn Yaqb ibn Is-q ibn Ibrhm () | country | Muslim
Yusuf ibn Yaqb ibn Is-q ibn Ibrhm () | country | Muslim
Yusuf ibn Yaqb ibn Is-q ibn Ibrhm () | country | Muslim
Yusuf ibn Yaqb ibn Is-q ibn Ibrhm () | country | Muslim
Yusuf ibn Yaqb ibn Is-q ibn Ibrhm () | country | Muslim
Yusuf ibn Yaqb ibn Is-q ibn Ibrhm () | country | Muslim
Yusuf ibn Yaqb ibn Is-q ibn Ibrhm () | country | Muslim
Yusuf ibn Yaqb ibn Is-q ibn Ibrhm () | country | Muslim
Yusuf ibn Yaqb ibn Is-q ibn Ibrhm () | country | Muslim
Yusuf ibn Yaqb ibn Is-q ibn Ibrhm () | country | Muslim
Yusuf ibn Yaqb ibn Is-q ibn Ibrhm () | country | Muslim
Yusuf ibn Yaqb ibn Is-q ibn Ibrhm () | country | Muslim
Yusuf ibn Yaqb ibn Is-q ibn Ibrhm () | country | Muslim
Yusuf ibn Yaqb ibn Is-q ibn Ibrhm () | country | Muslim
",17.944473028182983
31," Thailand | country | Kingdom of Thailand
Thailand | country | Kingdom of Thailand
Thailand | country | Kingdom of Siam
Thailand | country | Kingdom of Siam
Thailand | country | Kingdom of Thailand
Thailand | country | Kingdom of Siam
Thailand | country | Kingdom of Thailand
Thailand | country | Kingdom of Siam
Thailand | country | Kingdom of Thailand
Thailand | country | Kingdom of Siam
Thailand | country | Kingdom of Thailand
Thailand | country | Kingdom of Siam
Thailand | country | Kingdom of Thailand
Thailand | country | Kingdom of Siam
Thailand | country | Kingdom of Thailand
Thailand | country | Kingdom of Siam
Thailand | country | Kingdom of Thailand
Thailand | country | Kingdom of Siam
Thailand | country | Kingdom of Thailand
Thailand | country | Kingdom of Siam
Thailand | country | Kingdom of Thailand
Thailand | country | Kingdom of Siam
Thailand | country | Kingdom of Thailand
Thailand | country | Kingdom of Siam
Thailand | country | Kingdom of Thailand
Thailand | country | Kingdom of Siam
Thailand | country | Kingdom of Thailand
Thailand | country | Kingdom of Siam
Thailand | country | Kingdom of Thailand
Thailand | country | Kingdom of Siam
Thailand | country | Kingdom of Thailand
Thailand | country | Kingdom of Siam
Thailand | country | Kingdom of Thailand
Thailand | country | Kingdom of Siam
Thailand | country | Kingdom of Thailand
Thailand | country | Kingdom of Siam
Thailand | country | Kingdom of Thailand
Thailand | country | Kingdom of Siam
Thailand | country | Kingdom of Thailand
Thailand | country | Kingdom of Siam
Thailand | country | Kingdom of Thailand
Thailand | country | Kingdom of Siam
Thailand | country | Kingdom of Thailand
Thailand | country | Kingdom of Siam
Thailand | country | Kingdom of Siam
Thailand | country | Kingdom of Siam
Thailand | country | Kingdom of Siam
Thailand | country | Kingdom of Siam
Thailand | country | Kingdom of Siam
Thailand | country | Kingdom of Siam
Thailand | country | Kingdom of Siam
Thailand | country | Kingdom of Siam
Thailand | country | Kingdom of Siam
Thailand | country | Kingdom of Siam
Thailand | country | Kingdom of Siam
Thailand | country | Kingdom of Siam
Thailand | country | Kingdom of Siam
Thailand | country | Kingdom of Siam
Thailand | country | Kingdom of Siam
Thailand | country | Kingdom of Siam
Thailand | country | Kingdom of Siam
Thailand | country | Kingdom of Siam
Thailand | country | Kingdom of Siam
Thailand | country | Kingdom of Siam
",17.89192485809326
32," Rogaland County Municipality | located in the administrative territorial entity | Norway
Rogaland County Municipality | located in the administrative territorial entity | Norway
Rogaland County Municipality | located in the administrative territorial entity | Stavanger
Rogaland County Municipality | located in the administrative territorial entity | Norway
Rogaland County Municipality | located in the administrative territorial entity | Stavanger
Rogaland County Municipality | located in the administrative territorial entity | Norway
Rogaland County Municipality | located in the administrative territorial entity | Norway
Rogaland County Municipality | located in the administrative territorial entity | Norway
Rogaland County Municipality | located in the administrative territorial entity | Norway
Rogaland County Municipality | located in the administrative territorial entity | Norway
Rogaland County Municipality | located in the administrative territorial entity | Norway
Rogaland County Municipality | located in the administrative territorial entity | Norway
Rogaland County Municipality | located in the administrative territorial entity | Norway
Rogaland County Municipality | located in the administrative territorial entity | Norway
Rogaland County Municipality | located in the administrative territorial entity | Norway
Rogaland County Municipality | located in the administrative territorial entity | Norway
Rogaland County Municipality | located in the administrative territorial entity | Norway
Rogaland County Municipality | located in the administrative territorial entity | Norway
Rogaland County Municipality | located in the administrative territorial entity | Norway
Rogaland County Municipality | located in the administrative territorial entity | Norway
Rogaland County Municipality | located in the administrative territorial entity | Norway
Rogaland County Municipality | located in the administrative territorial entity | Norway
Rogaland County Municipality | located in the administrative territorial entity | Norway
Rogaland County Municipality | located in the administrative territorial entity | Norway
Rogaland County Municipality | located in the administrative territorial entity | Norway
Rogaland County Municipality | located in the administrative territorial entity | Norway
Rogaland County Municipality | located in the administrative territorial entity | Norway
Rogaland County Municipality | located in the administrative territorial entity | Norway
Rogaland County Municipality | located in the administrative territorial entity | Norway
Rogaland County Municipality | located in the administrative territorial entity | Norway
Rogaland County Municipality | located in the administrative territorial entity | Norway
Rogaland County Municipality | located in the administrative territorial entity | Norway
Rogaland County Municipality | located in the administrative territorial entity | Norway
Rogaland County Municipality | located in the administrative territorial entity | Norway
Rogaland County Municipality | located in the administrative territorial entity | Norway
Rogaland County Municipality | located in the administrative territorial entity | Norway
Rogaland County Municipality | located in the",17.862401485443115
33," Kyoto Imperial Palace | located in the administrative territorial entity | Japan
Kyoto Imperial Palace | located in the administrative territorial entity | Japan
Kyoto Imperial Palace | located in the administrative territorial entity | Japan
Kyoto Imperial Palace | located in the administrative territorial entity | Japan
Kyoto Imperial Palace | located in the administrative territorial entity | Japan
Kyoto Imperial Palace | located in the administrative territorial entity | Japan
Kyoto Imperial Palace | located in the administrative territorial entity | Japan
Kyoto Imperial Palace | located in the administrative territorial entity | Japan
Kyoto Imperial Palace | located in the administrative territorial entity | Japan
Kyoto Imperial Palace | located in the administrative territorial entity | Japan
Kyoto Imperial Palace | located in the administrative territorial entity | Japan
Kyoto Imperial Palace | located in the administrative territorial entity | Japan
Kyoto Imperial Palace | located in the administrative territorial entity | Japan
Kyoto Imperial Palace | located in the administrative territorial entity | Japan
Kyoto Imperial Palace | located in the administrative territorial entity | Japan
Kyoto Imperial Palace | located in the administrative territorial entity | Japan
Kyoto Imperial Palace | located in the administrative territorial entity | Japan
Kyoto Imperial Palace | located in the administrative territorial entity | Japan
Kyoto Imperial Palace | located in the administrative territorial entity | Japan
Kyoto Imperial Palace | located in the administrative territorial entity | Japan
Kyoto Imperial Palace | located in the administrative territorial entity | Japan
Kyoto Imperial Palace | located in the administrative territorial entity | Japan
Kyoto Imperial Palace | located in the administrative territorial entity | Japan
Kyoto Imperial Palace | located in the administrative territorial entity | Japan
Kyoto Imperial Palace | located in the administrative territorial entity | Japan
Kyoto Imperial Palace | located in the administrative territorial entity | Japan
Kyoto Imperial Palace | located in the administrative territorial entity | Japan
Kyoto Imperial Palace | located in the administrative territorial entity | Japan
Kyoto Imperial Palace | located in the administrative territorial entity | Japan
Kyoto Imperial Palace | located in the administrative territorial entity | Japan
Kyoto Imperial Palace | located in the administrative territorial entity | Japan
Kyoto Imperial Palace | located in the administrative territorial entity | Japan
Kyoto Imperial Palace | located in the administrative territorial entity | Japan
Kyoto Imperial Palace | located in the administrative territorial entity | Japan
Kyoto Imperial Palace | located in the administrative territorial entity | Japan
Kyoto Imperial Palace | located in the administrative territorial entity | Japan
Kyoto Imperial Palace | located in the administrative territorial entity | Japan
Kyoto Imperial Palace | located in the administrative territorial entity | Japan
Kyoto Imperial Palace | located in the administrative territorial entity | Japan
Kyoto Imperial Palace | located",18.188960552215576
34," Yorkshire Post | located in the administrative territorial entity | United Kingdom
Yorkshire Post | located in the administrative territorial entity | England
Yorkshire Post | located in the administrative territorial entity | United Kingdom
Yorkshire Post | located in the administrative territorial entity | England
Yorkshire Post | located in the administrative territorial entity | United Kingdom
Yorkshire Post | located in the administrative territorial entity | England
Yorkshire Post | located in the administrative territorial entity | United Kingdom
Yorkshire Post | located in the administrative territorial entity | England
Yorkshire Post | located in the administrative territorial entity | United Kingdom
Yorkshire Post | located in the administrative territorial entity | England
Yorkshire Post | located in the administrative territorial entity | United Kingdom
Yorkshire Post | located in the administrative territorial entity | England
Yorkshire Post | located in the administrative territorial entity | United Kingdom
Yorkshire Post | located in the administrative territorial entity | England
Yorkshire Post | located in the administrative territorial entity | United Kingdom
Yorkshire Post | located in the administrative territorial entity | England
Yorkshire Post | located in the administrative territorial entity | United Kingdom
Yorkshire Post | located in the administrative territorial entity | England
Yorkshire Post | located in the administrative territorial entity | United Kingdom
Yorkshire Post | located in the administrative territorial entity | England
Yorkshire Post | located in the administrative territorial entity | United Kingdom
Yorkshire Post | located in the administrative territorial entity | England
Yorkshire Post | located in the administrative territorial entity | United Kingdom
Yorkshire Post | located in the administrative territorial entity | England
Yorkshire Post | located in the administrative territorial entity | United Kingdom
Yorkshire Post | located in the administrative territorial entity | England
Yorkshire Post | located in the administrative territorial entity | United Kingdom
Yorkshire Post | located in the administrative territorial entity | England
Yorkshire Post | located in the administrative territorial entity | United Kingdom
Yorkshire Post | located in the administrative territorial entity | England
Yorkshire Post | located in the administrative territorial entity | United Kingdom
Yorkshire Post | located in the administrative territorial entity | England
Yorkshire Post | located in the administrative territorial entity | United Kingdom
Yorkshire Post | located in the administrative territorial entity | England
Yorkshire Post | located in the administrative territorial entity | United Kingdom
Yorkshire Post | located in the administrative territorial entity | England
Yorkshire Post | located in the administrative territorial entity | United Kingdom
Yorkshire Post | located in the administrative territorial entity | England
Yorkshire Post | located in the administrative territorial entity | United Kingdom
Yorkshire Post | located in the administrative territorial entity | England
Yorkshire Post | located in the administrative territorial entity | United Kingdom",17.817697525024414
35, 1992; 1922; 1950; 1993; 2006; 2006; 2006; 2006; 2006; 2006; 2006; 2006; 2006; 2006; 2006; 2006; 2006; 2006; 2006; 2006; 2006; 2006; 2006; 2006; 2006; 2006; 2006; 2006; 2006; 2006; 2006; 2006; 2006; 2006; 2006; 2006; 2006; 2006; 2006; 2006; 2006; 2006; 2006; 2006; 2006; 2006; 2006; 2006; 2006; 2006; 2006; 2006; 2006; 2006; 2006; 2006; 2006; 2006; 2006; 2006; 2006; 2006; 2006; 2006; 2006; 2006; 2006; 2006; 2006; 2006; 2006; 2006; 2006; 2006; 2006; 2006; 2006; 2006; 2006; 2006; 2006; 2006; 2006; 2006; 2006; 2,17.87174940109253
36," Arizona | country | United States
Arizona | country | United States
Arizona | country | United States
Arizona | country | United States
Arizona | country | United States
Arizona | country | United States
Arizona | country | United States
Arizona | country | United States
Arizona | country | United States
Arizona | country | United States
Arizona | country | United States
Arizona | country | United States
Arizona | country | United States
Arizona | country | United States
Arizona | country | United States
Arizona | country | United States
Arizona | country | United States
Arizona | country | United States
Arizona | country | United States
Arizona | country | United States
Arizona | country | United States
Arizona | country | United States
Arizona | country | United States
Arizona | country | United States
Arizona | country | United States
Arizona | country | United States
Arizona | country | United States
Arizona | country | United States
Arizona | country | United States
Arizona | country | United States
Arizona | country | United States
Arizona | country | United States
Arizona | country | United States
Arizona | country | United States
Arizona | country | United States
Arizona | country | United States
Arizona | country | United States
Arizona | country | United States
Arizona | country | United States
Arizona | country | United States
Arizona | country | United States
Arizona | country | United States
Arizona | country | United States
Arizona | country | United States
Arizona | country | United States
Arizona | country | United States
Arizona | country | United States
Arizona | country | United States
Arizona | country | United States
Arizona | country | United States
Arizona | country | United States
Arizona | country | United States
Arizona | country | United States
Arizona | country | United States
Arizona | country | United States
Arizona | country | United States
Arizona | country | United States
Arizona | country | United States
Arizona | country | United States
Arizona | country | United States
Arizona | country | United States
Arizona | country | United States
Arizona | country | United States
Arizona | country | United States
Arizona | country | United States
Arizona | country | United States
Arizona | country | United States
Arizona | country | United States
Arizona | country | United States
Arizona | country | United States
Arizona | country | United States
Arizona | country | United States
Arizona | country | United States
Arizona",17.94612717628479
37," Uppsala University | country | Sweden
Uppsala University | country | Swedish
Uppsala University | country | Swedish
European Union | country | Sweden
European Union | country | Swedish
European Union | country | European Union
European Union | country | European Union
European Union | country | European Union
European Union | country | European Union
European Union | country | European Union
European Union | country | European Union
European Union | country | European Union
European Union | country | European Union
European Union | country | European Union
European Union | country | European Union
European Union | country | European Union
European Union | country | European Union
European Union | country | European Union
European Union | country | European Union
European Union | country | European Union
European Union | country | European Union
European Union | country | European Union
European Union | country | European Union
European Union | country | European Union
European Union | country | European Union
European Union | country | European Union
European Union | country | European Union
European Union | country | European Union
European Union | country | European Union
European Union | country | European Union
European Union | country | European Union
European Union | country | European Union
European Union | country | European Union
European Union | country | European Union
European Union | country | European Union
European Union | country | European Union
European Union | country | European Union
European Union | country | European Union
European Union | country | European Union
European Union | country | European Union
European Union | country | European Union
European Union | country | European Union
European Union | country | European Union
European Union | country | European Union
European Union | country | European Union
European Union | country | European Union
European Union | country | European Union
European Union | country | European Union
European Union | country | European Union
European Union | country | European Union
European Union | country | European Union
European Union | country | European Union
European Union | country | European Union
European Union | country | European Union
European Union | country | European Union
European Union | country | European Union
European Union | country | European Union
European Union | country | European Union
European Union | country | European Union
European Union | country | European Union
European Union | country | European Union
European Union | country | European Union
European Union | country | European Union
European Union | country | European Union
European Union |",17.872989177703857
38," Norway | country | European Cup Winners ' Cup
Norway | country | European Cup Winners ' Cup
Norway | country | European Cup Winners ' Cup
Norway | country | European Cup Winners ' Cup
Norway | country | European Cup Winners ' Cup
Norway | country | European Cup Winners ' Cup
Norway | country | European Cup Winners ' Cup
Norway | country | European Cup Winners ' Cup
Norway | country | European Cup Winners ' Cup
Norway | country | European Cup Winners ' Cup
Norway | country | European Cup Winners ' Cup
Norway | country | European Cup Winners ' Cup
Norway | country | European Cup Winners ' Cup
Norway | country | European Cup Winners ' Cup
Norway | country | European Cup Winners ' Cup
Norway | country | European Cup Winners ' Cup
Norway | country | European Cup Winners ' Cup
Norway | country | European Cup Winners ' Cup
Norway | country | European Cup Winners ' Cup
Norway | country | European Cup Winners ' Cup
Norway | country | European Cup Winners ' Cup
Norway | country | European Cup Winners ' Cup
Norway | country | European Cup Winners ' Cup
Norway | country | European Cup Winners ' Cup
Norway | country | European Cup Winners ' Cup
Norway | country | European Cup Winners ' Cup
Norway | country | European Cup Winners ' Cup
Norway | country | European Cup Winners ' Cup
Norway | country | European Cup Winners ' Cup
Norway | country | European Cup Winners ' Cup
Norway | country | European Cup Winners ' Cup
Norway | country | European Cup Winners ' Cup
Norway | country | European Cup Winners ' Cup
Norway | country | European Cup Winners ' Cup
Norway | country | European Cup Winners ' Cup
Norway | country | European Cup Winners ' Cup
Norway | country | European Cup Winners ' Cup
Norway | country | European Cup Winners ' Cup
Norway | country | European Cup Winners ' Cup
Norway | country | European Cup Winners ' Cup
Norway | country | European Cup Winners ' Cup
Norway | country | European Cup Winners ' Cup
Norway | country | European Cup Winners ' Cup
Norway | country | European Cup Winners ' Cup
Norway | country | European Cup Winners ' Cup
Norway | country | European Cup Winners ' Cup
Norway | country | European Cup Winners ' Cup
Norway | country | European Cup Winners ' Cup
Norway | country | European Cup Winners ' Cup
Norway | country | European Cup Winners ' Cup
Norway | country | European Cup Winners ' Cup
Norway |",17.821200370788574
39," Austria | country | Germany
Austria | country | Germany
Austria | country | Germany
Austria | country | Germany
Austria | country | Germany
Austria | country | Germany
Austria | country | Germany
Austria | country | Germany
Austria | country | Germany
Austria | country | Germany
Austria | country | Germany
Austria | country | Germany
Austria | country | Germany
Austria | country | Germany
Austria | country | Germany
Austria | country | Germany
Austria | country | Germany
Austria | country | Germany
Austria | country | Germany
Austria | country | Germany
Austria | country | Germany
Austria | country | Germany
Austria | country | Germany
Austria | country | Germany
Austria | country | Germany
Austria | country | Germany
Austria | country | Germany
Austria | country | Germany
Austria | country | Germany
Austria | country | Germany
Austria | country | Germany
Austria | country | Germany
Austria | country | Germany
Austria | country | Germany
Austria | country | Germany
Austria | country | Germany
Austria | country | Germany
Austria | country | Germany
Austria | country | Germany
Austria | country | Germany
Austria | country | Germany
Austria | country | Germany
Austria | country | Germany
Austria | country | Germany
Austria | country | Germany
Austria | country | Germany
Austria | country | Germany
Austria | country | Germany
Austria | country | Germany
Austria | country | Germany
Austria | country | Germany
Austria | country | Germany
Austria | country | Germany
Austria | country | Germany
Austria | country | Germany
Austria | country | Germany
Austria | country | Germany
Austria | country | Germany
Austria | country | Germany
Austria | country | Germany
Austria | country | Germany
Austria | country | Germany
Austria | country | Germany
Austria | country | Germany
Austria | country | Germany
Austria | country | Germany
Austria | country | Germany
Austria | country | Germany
Austria | country | Germany
Austria | country | Germany
Austria | country | Germany
Austria | country | Germany
Austria | country | Germany
Austria | country | Germany
Austria | country | Germany
Austria | country | Germany
Austria | country | Germany
Austria | country | Germany
Austria | country | Germany
Austria | country | Germany
Austria | country | Germany
Austria | country | Germany
Austria | country | Germany
Austria | country | Germany
Austria | country | Germany
Austria |",17.928337574005127
40," 2009; Joe Thomas; Jill Johnson; Music Row II; Here You Come Again; Zella Lehr; 1977; 2009;; Two Doors Down; 1978; 2000; Legendary Dolly Parton
2009; Joe Thomas; Jill Johnson; Music Row II; Here You Come Again; Zella Lehr; 1977; 2009;; Two Doors Down; 1978; 2000; Legendary Dolly Parton
Legendary Dolly Parton; Music Row II; Here You Come Again; Zella Lehr; 1977; 2009;; Two Doors Down; 1978; 2000; Legendary Dolly Parton
Legendary Dolly Parton; Music Row II; Here You Come Again; Zella Lehr; 1977; 2009;; Two Doors Down; 1978; 2000; Legendary Dolly Parton
Legendary Dolly Parton; Music Row II; Here You Come Again; Zella Lehr; 1977; 2009;; Two Doors Down; 1978; 2000; Legendary Dolly Parton
Legendary Dolly Parton; Music Row II; Here You Come Again; Zella Lehr; 1977; 2009;; Two Doors Down; 1978; 2000; Legendary Dolly Parton
Legendary Dolly Parton; Music Row II; Here You Come Again; Zella Lehr; 1977; 2009;; Two Doors Down; 1978; 2000; Legendary Dolly Parton
Legendary Dolly Parton; Music Row II; Here You Come Again; Zella Lehr; 1977; 2009;; Two Doors Down; 1978; 2000; Legendary Dolly Parton
Legendary Dolly Parton; Music Row II; Here You Come Again; Zella Lehr; 1977; 2009;; Two Doors Down; 1978; 2000; Legendary Dolly Parton
Legendary Dolly Parton; Music Row II; Here You Come Again; Zella Lehr; 1977; 2009;; Two Doors Down; 1978; 2000; Legendary Dolly Parton
Legendary Dolly Parton; Music Row II",18.028873682022095
